{
  "type": "merged_games",
  "total_count": 10,
  "collected_at": "2025-09-07T23:56:39.588427",
  "games": [
    {
      "title": "Street Racing 1",
      "url": "https://www.crazygames.com/game/racing-game-1",
      "iframe_url": "https://racing-game-1.game-files.crazygames.com/unity/racing-game-1.html?v=1.0",
      "description": "Experience the thrill of high-speed racing in Street Racing 1. Choose your car, customize it to your liking, and race against other players in this exciting racing game.",
      "features": [
        "Custom Cars",
        "Multiple Tracks",
        "Time Trial",
        "Day/Night Cycle",
        "Realistic Physics"
      ],
      "favorites": 19258,
      "likes": 16203,
      "duration": "30+ min",
      "play_count": 802812,
      "tags": [
        "simulation",
        "racing",
        "speed"
      ],
      "collected_at": "2025-09-07T23:56:39.400672"
    },
    {
      "title": "Racing Horizon 2",
      "url": "https://www.crazygames.com/game/racing-game-2",
      "iframe_url": "https://racing-game-2.game-files.crazygames.com/unity/racing-game-2.html?v=1.0",
      "description": "Experience the thrill of high-speed racing in Racing Horizon 2. Choose your car, customize it to your liking, and race against other players in this exciting racing game.",
      "features": [
        "Weather Effects",
        "Realistic Physics",
        "Career Mode",
        "Day/Night Cycle"
      ],
      "favorites": 41792,
      "likes": 83064,
      "duration": "5-10 min",
      "play_count": 774453,
      "tags": [
        "speed",
        "adventure",
        "sports",
        "cars",
        "racing",
        "action"
      ],
      "collected_at": "2025-09-07T23:56:39.400751"
    },
    {
      "title": "Drift Hunters 3",
      "url": "https://www.crazygames.com/game/racing-game-3",
      "iframe_url": "https://racing-game-3.game-files.crazygames.com/unity/racing-game-3.html?v=1.0",
      "description": "Experience the thrill of high-speed racing in Drift Hunters 3. Choose your car, customize it to your liking, and race against other players in this exciting racing game.",
      "features": [
        "Car Customization",
        "Custom Cars",
        "Realistic Physics",
        "3D Graphics",
        "Online Racing",
        "Career Mode"
      ],
      "favorites": 42329,
      "likes": 85022,
      "duration": "15-30 min",
      "play_count": 896809,
      "tags": [
        "arcade",
        "sports",
        "strategy",
        "multiplayer",
        "simulation"
      ],
      "collected_at": "2025-09-07T23:56:39.400789"
    },
    {
      "title": "Street Racing 4",
      "url": "https://www.crazygames.com/game/racing-game-4",
      "iframe_url": "https://racing-game-4.game-files.crazygames.com/unity/racing-game-4.html?v=1.0",
      "description": "Experience the thrill of high-speed racing in Street Racing 4. Choose your car, customize it to your liking, and race against other players in this exciting racing game.",
      "features": [
        "Custom Cars",
        "Career Mode",
        "Multiple Tracks",
        "Day/Night Cycle",
        "Multiplayer"
      ],
      "favorites": 29395,
      "likes": 43871,
      "duration": "5-10 min",
      "play_count": 756696,
      "tags": [
        "action",
        "3d",
        "simulation",
        "adventure",
        "cars",
        "speed"
      ],
      "collected_at": "2025-09-07T23:56:39.400818"
    },
    {
      "title": "Moto X3M 5",
      "url": "https://www.crazygames.com/game/racing-game-5",
      "iframe_url": "https://racing-game-5.game-files.crazygames.com/unity/racing-game-5.html?v=1.0",
      "description": "Experience the thrill of high-speed racing in Moto X3M 5. Choose your car, customize it to your liking, and race against other players in this exciting racing game.",
      "features": [
        "Sound Effects",
        "Car Customization",
        "Weather Effects",
        "Realistic Physics",
        "Multiplayer",
        "Day/Night Cycle"
      ],
      "favorites": 46978,
      "likes": 741,
      "duration": "10-15 min",
      "play_count": 573441,
      "tags": [
        "action",
        "racing",
        "cars",
        "simulation",
        "3d",
        "multiplayer",
        "arcade",
        "strategy"
      ],
      "collected_at": "2025-09-07T23:56:39.400847"
    },
    {
      "title": "Street Racing 6",
      "url": "https://www.crazygames.com/game/racing-game-6",
      "iframe_url": "https://racing-game-6.game-files.crazygames.com/unity/racing-game-6.html?v=1.0",
      "description": "Experience the thrill of high-speed racing in Street Racing 6. Choose your car, customize it to your liking, and race against other players in this exciting racing game.",
      "features": [
        "Custom Cars",
        "Online Racing",
        "Day/Night Cycle"
      ],
      "favorites": 30227,
      "likes": 35306,
      "duration": "15-30 min",
      "play_count": 769426,
      "tags": [
        "3d",
        "cars",
        "adventure"
      ],
      "collected_at": "2025-09-07T23:56:39.400870"
    },
    {
      "title": "Moto X3M 7",
      "url": "https://www.crazygames.com/game/racing-game-7",
      "iframe_url": "https://racing-game-7.game-files.crazygames.com/unity/racing-game-7.html?v=1.0",
      "description": "Experience the thrill of high-speed racing in Moto X3M 7. Choose your car, customize it to your liking, and race against other players in this exciting racing game.",
      "features": [
        "Custom Cars",
        "Car Customization",
        "Day/Night Cycle",
        "Realistic Physics",
        "Multiplayer"
      ],
      "favorites": 49912,
      "likes": 86903,
      "duration": "10-15 min",
      "play_count": 241882,
      "tags": [
        "action",
        "speed",
        "strategy",
        "sports",
        "3d",
        "racing",
        "multiplayer",
        "arcade"
      ],
      "collected_at": "2025-09-07T23:56:39.400896"
    },
    {
      "title": "Racing Games 8",
      "url": "https://www.crazygames.com/game/racing-game-8",
      "iframe_url": "https://racing-game-8.game-files.crazygames.com/unity/racing-game-8.html?v=1.0",
      "description": "Experience the thrill of high-speed racing in Racing Games 8. Choose your car, customize it to your liking, and race against other players in this exciting racing game.",
      "features": [
        "Career Mode",
        "Time Trial",
        "Multiplayer",
        "Day/Night Cycle",
        "3D Graphics"
      ],
      "favorites": 19414,
      "likes": 18738,
      "duration": "10-15 min",
      "play_count": 938957,
      "tags": [
        "cars",
        "strategy",
        "multiplayer",
        "speed",
        "arcade",
        "simulation",
        "action"
      ],
      "collected_at": "2025-09-07T23:56:39.400922"
    },
    {
      "title": "Rally Racing 9",
      "url": "https://www.crazygames.com/game/racing-game-9",
      "iframe_url": "https://racing-game-9.game-files.crazygames.com/unity/racing-game-9.html?v=1.0",
      "description": "Experience the thrill of high-speed racing in Rally Racing 9. Choose your car, customize it to your liking, and race against other players in this exciting racing game.",
      "features": [
        "3D Graphics",
        "Online Racing",
        "Weather Effects",
        "Time Trial",
        "Custom Cars",
        "Multiplayer"
      ],
      "favorites": 46753,
      "likes": 86927,
      "duration": "5-10 min",
      "play_count": 847185,
      "tags": [
        "3d",
        "action",
        "speed",
        "multiplayer",
        "sports"
      ],
      "collected_at": "2025-09-07T23:56:39.400955"
    },
    {
      "title": "Rally Racing 10",
      "url": "https://www.crazygames.com/game/racing-game-10",
      "iframe_url": "https://racing-game-10.game-files.crazygames.com/unity/racing-game-10.html?v=1.0",
      "description": "Experience the thrill of high-speed racing in Rally Racing 10. Choose your car, customize it to your liking, and race against other players in this exciting racing game.",
      "features": [
        "3D Graphics",
        "Career Mode",
        "Sound Effects",
        "Realistic Physics"
      ],
      "favorites": 23321,
      "likes": 5134,
      "duration": "10-15 min",
      "play_count": 474701,
      "tags": [
        "cars",
        "sports",
        "simulation",
        "arcade"
      ],
      "collected_at": "2025-09-07T23:56:39.403444"
    }
  ]
}