{
  "type": "detailed_games",
  "total_count": 15,
  "collected_at": "2025-09-08T09:47:16.028293",
  "games": [
    {
      "title": "Idle Transport Tycoon",
      "url": "https://www.crazygames.com/game/idle-transport-tycoon-eqf",
      "iframe_url": "",
      "description": "Idle Transport Tycoon is a strategic idle game that puts you in charge of building a thriving transport empire. You’ll unlock new countries, link airports, and expand your network across the globe. By assembling a powerful fleet of airplanes and managing passenger flow, you shape the growth of a bustling aviation empire step by step.",
      "features": [],
      "favorites": 0,
      "likes": 0,
      "duration": "未知",
      "play_count": 0,
      "tags": [],
      "collected_at": "2025-09-08T09:47:04.237035"
    },
    {
      "title": "Grow A Garden - Growden.io",
      "url": "https://www.crazygames.com/game/grow-a-garden---growden-io",
      "iframe_url": "",
      "description": "Grow a Garden in Growden.io! In Growden.io, you can grow a garden of your dreams and unlock pets to help you grow a garden. You’ll purchase seeds from the shop, plant them on your farm, and nurture them into thriving crops. As your harvest grows, you can gather profits, discover rare finds, and take pride in showcasing your most beautiful fruits along the way. Once you earn $50,000 coins, you can use them to purchase pet eggs, where you have to wait 1 hour to unlock your pets (dogs, capybaras, r",
      "features": [],
      "favorites": 0,
      "likes": 0,
      "duration": "未知",
      "play_count": 0,
      "tags": [],
      "collected_at": "2025-09-08T09:47:07.152899"
    },
    {
      "title": "Mad GunS - Battle Royale",
      "url": "https://www.crazygames.com/game/mad-guns---battle-royale-ndd",
      "iframe_url": "",
      "description": "Crazy Pixel Shooter is a wacky royal battle where chaos rules and anything can be a weapon. Arm yourself with bananas, handbags, or even hamster guns as you take on zombies, giant turkeys, and wild octopuses in outrageous online modes. Explore unique maps, craft your own levels, and fight to save Mr. Cat in this explosive pixel showdown.",
      "features": [],
      "favorites": 0,
      "likes": 0,
      "duration": "未知",
      "play_count": 0,
      "tags": [],
      "collected_at": "2025-09-08T09:47:07.600854"
    },
    {
      "title": "MR RACER Stunt Mania",
      "url": "https://www.crazygames.com/game/mr-racer-stunt-mania",
      "iframe_url": "",
      "description": "MR RACER Stunt Mania is a thrilling 3D arcade racer that blends high-speed action with jaw-dropping stunts. Tackle challenging tracks filled with ramps, obstacles, and fierce AI rivals as you unlock cars, upgrade performance, and master unique environments. With smooth controls, vibrant visuals, and endless level-based challenges, it delivers a racing experience that’s both casual and competitive.",
      "features": [],
      "favorites": 0,
      "likes": 0,
      "duration": "未知",
      "play_count": 0,
      "tags": [],
      "collected_at": "2025-09-08T09:47:08.249369"
    },
    {
      "title": "Truck Hit Hero: Isekai Arena",
      "url": "https://www.crazygames.com/game/truck-hit-hero-isekai-arena",
      "iframe_url": "",
      "description": "Truck-Hit Hero: Isekai Arena is a 2D RPG platformer inspired by classic isekai tales, where an ordinary guy wakes up in a new world as a hero. Battle through 12+ unique arenas filled with traps and enemies, mastering 30+ active abilities with swords, spears, crossbows, and magic. Collect loot, upgrade gear, and craft powerful builds to survive challenging waves of monsters and become the ultimate arena champion.",
      "features": [],
      "favorites": 0,
      "likes": 0,
      "duration": "未知",
      "play_count": 0,
      "tags": [],
      "collected_at": "2025-09-08T09:47:08.270638"
    },
    {
      "title": "Noob Digger: Pro Drill Miner",
      "url": "https://www.crazygames.com/game/noob-digger-pro-drill-miner-cal",
      "iframe_url": "",
      "description": "Noob Digger: Pro Drill Miner is a thrilling mining adventure where you pilot a powerful drill deep into the earth in search of treasures and secrets. Unearth valuable resources, trade for upgrades, and uncover mysterious bunkers to assemble the legendary Super Drill. Dig not just for riches—but to rebuild your dream home and win back your lost love.",
      "features": [],
      "favorites": 0,
      "likes": 0,
      "duration": "未知",
      "play_count": 0,
      "tags": [],
      "collected_at": "2025-09-08T09:47:08.993140"
    },
    {
      "title": "Sweety Ludo",
      "url": "https://www.crazygames.com/game/sweety-ludo",
      "iframe_url": "",
      "description": "Sweety Ludo is a charming blend of the traditional Ludo game with adorable 2D visuals. Challenge friends or global players in exciting multiplayer matches to collect candies and reign supreme!",
      "features": [],
      "favorites": 0,
      "likes": 0,
      "duration": "未知",
      "play_count": 0,
      "tags": [],
      "collected_at": "2025-09-08T09:47:10.149905"
    },
    {
      "title": "Heroes of the Arena",
      "url": "https://www.crazygames.com/game/heroes-of-the-arena",
      "iframe_url": "",
      "description": "Heroes of the Arena is an RPG game where you create your own hero and forge a path through battles and adventure. You’ll team up with allies, face powerful enemies, and shape your journey by enhancing skills, unlocking pets, and joining epic clan wars. Every choice you make pushes you closer to becoming a legend.",
      "features": [],
      "favorites": 0,
      "likes": 0,
      "duration": "未知",
      "play_count": 0,
      "tags": [],
      "collected_at": "2025-09-08T09:47:10.476540"
    },
    {
      "title": "Bit Gun.io",
      "url": "https://www.crazygames.com/game/bit-gun-io",
      "iframe_url": "",
      "description": "Bit Gun.io is a fast-paced multiplayer FPS where you test your tactical skills in intense 5v5 battles. Customize your arsenal, master unique weapons, and rise through the ranks in thrilling PvP combat. Join forces with friends, strategize, and dominate the arena in this action-packed shooting experience that rewards teamwork and precision.",
      "features": [],
      "favorites": 0,
      "likes": 0,
      "duration": "未知",
      "play_count": 0,
      "tags": [],
      "collected_at": "2025-09-08T09:47:12.142001"
    },
    {
      "title": "Space Waves",
      "url": "https://www.crazygames.com/game/space-waves",
      "iframe_url": "",
      "description": "Space Waves is an arcade game where you need to control an arrow to avoid obstacles until you get to the end. There are 33 levels to the game, and you can choose any level you want to play at any time. All levels vary in difficulty and are labeled accordingly with faces; this way you get to decide how courageous you want to be.",
      "features": [],
      "favorites": 0,
      "likes": 0,
      "duration": "未知",
      "play_count": 0,
      "tags": [],
      "collected_at": "2025-09-08T09:47:12.851743"
    },
    {
      "title": "EvoWars.io",
      "url": "https://www.crazygames.com/game/evowarsio",
      "iframe_url": "",
      "description": "EvoWars.io is an IO battle game set in a top-down online battle arena. Collect orbs and battle other players to evolve your warrior. Each evolution improves your weapon range but slows your movement. How many will you slay before you fall?",
      "features": [],
      "favorites": 0,
      "likes": 0,
      "duration": "未知",
      "play_count": 0,
      "tags": [],
      "collected_at": "2025-09-08T09:47:13.835917"
    },
    {
      "title": "Simply Prop Hunt",
      "url": "https://www.crazygames.com/game/simply-prop-hunt",
      "iframe_url": "",
      "description": "Simply Prop Hunt is a fast-paced multiplayer hide-and-seek game with a clever twist. Players take turns disguising themselves as everyday objects or hunting down hidden props. As a prop, your goal is to blend seamlessly into the environment and avoid detection. As a hunter, you’ll need sharp eyes and quick reflexes to uncover the sneakiest disguises before time runs out. With fast and unpredictable rounds, every match is a new challenge. Outsmart your opponents, stay hidden until the final whist",
      "features": [],
      "favorites": 0,
      "likes": 0,
      "duration": "未知",
      "play_count": 0,
      "tags": [],
      "collected_at": "2025-09-08T09:47:13.854189"
    },
    {
      "title": "Escape From Prison Multiplayer",
      "url": "https://www.crazygames.com/game/escape-from-prison-multiplayer",
      "iframe_url": "",
      "description": "Escape From Prison Multiplayer is a thrilling multiplayer platformer game where your mission is to make a daring escape from prison! Customize your brave little mouse and race against time to break out. Each room you conquer brings you closer to freedom, but watch out for the dangerous traps and obstacles in your way! Can you outsmart the prison&#39;s challenges and make a successful escape? Test your skills and find out if you have what it takes to flee from prison!",
      "features": [],
      "favorites": 0,
      "likes": 0,
      "duration": "未知",
      "play_count": 0,
      "tags": [],
      "collected_at": "2025-09-08T09:47:14.336060"
    },
    {
      "title": "Holey.io Battle Royale",
      "url": "https://www.crazygames.com/game/holey-io-battle-royale",
      "iframe_url": "",
      "description": "Holey.io is a battle royale game where you consume various items and opponents with smaller holes. You will grow bigger as you swallow! The map will continuously shrink, forcing players into a narrower environment until there is only one person left standing. Consume, grow, and become the last hole standing in the arena!",
      "features": [],
      "favorites": 0,
      "likes": 0,
      "duration": "未知",
      "play_count": 0,
      "tags": [],
      "collected_at": "2025-09-08T09:47:15.239450"
    },
    {
      "title": "Escape From Pizzeria",
      "url": "https://www.crazygames.com/game/escape-from-pizzeria",
      "iframe_url": "",
      "description": "Escape From Pizzeria is a adventure game where you’re trapped inside a dark, eerie restaurant with secrets lurking in every corner. You’ll navigate creepy hallways, dodge traps, and uncover clues to escape. Stay alert, think fast, and whatever you do, don’t let the chef catch you snooping around his haunted kitchen.",
      "features": [],
      "favorites": 0,
      "likes": 0,
      "duration": "未知",
      "play_count": 0,
      "tags": [],
      "collected_at": "2025-09-08T09:47:16.014811"
    }
  ]
}