{
  "type": "homepage_games",
  "total_count": 15,
  "collected_at": "2025-09-08T09:47:01.660518",
  "games": [
    {
      "category": "Other",
      "collected_at": "2025-09-08T09:46:46.178219",
      "image": "https://imgs.crazygames.com/grow-a-garden---growden-io_16x9/20250902110117/grow-a-garden---growden-io_16x9-cover?metadata=none&quality=85&width=273&fit=crop",
      "title": "Grow A Garden - Growden.io",
      "url": "https://www.crazygames.com/game/grow-a-garden---growden-io"
    },
    {
      "category": "Other",
      "collected_at": "2025-09-08T09:46:47.103041",
      "image": "https://imgs.crazygames.com/idle-transport-tycoon-eqf_16x9/20250829043556/idle-transport-tycoon-eqf_16x9-cover?metadata=none&quality=85&width=273&fit=crop",
      "title": "Idle Transport Tycoon",
      "url": "https://www.crazygames.com/game/idle-transport-tycoon-eqf"
    },
    {
      "category": "Other",
      "collected_at": "2025-09-08T09:46:47.974523",
      "image": "https://imgs.crazygames.com/truck-hit-hero-isekai-arena_16x9/20250828051212/truck-hit-hero-isekai-arena_16x9-cover?metadata=none&quality=85&width=273&fit=crop",
      "title": "Truck Hit Hero: Isekai Arena",
      "url": "https://www.crazygames.com/game/truck-hit-hero-isekai-arena"
    },
    {
      "category": "Other",
      "collected_at": "2025-09-08T09:46:48.885875",
      "image": "https://imgs.crazygames.com/mad-guns---battle-royale-ndd_16x9/20250901024035/mad-guns---battle-royale-ndd_16x9-cover?metadata=none&quality=85&width=273&fit=crop",
      "title": "Mad GunS - Battle Royale",
      "url": "https://www.crazygames.com/game/mad-guns---battle-royale-ndd"
    },
    {
      "category": "Other",
      "collected_at": "2025-09-08T09:46:50.630691",
      "image": "https://imgs.crazygames.com/mr-racer-stunt-mania_16x9/20250820054755/mr-racer-stunt-mania_16x9-cover?metadata=none&quality=85&width=273&fit=crop",
      "title": "MR RACER Stunt Mania",
      "url": "https://www.crazygames.com/game/mr-racer-stunt-mania"
    },
    {
      "category": "Other",
      "collected_at": "2025-09-08T09:46:52.088846",
      "image": "https://imgs.crazygames.com/noob-digger-pro-drill-miner-cal_16x9/20250902025621/noob-digger-pro-drill-miner-cal_16x9-cover?metadata=none&quality=85&width=273&fit=crop",
      "title": "Noob Digger: Pro Drill Miner",
      "url": "https://www.crazygames.com/game/noob-digger-pro-drill-miner-cal"
    },
    {
      "category": "Other",
      "collected_at": "2025-09-08T09:46:52.858396",
      "image": "https://imgs.crazygames.com/heroes-of-the-arena_16x9/20250901051300/heroes-of-the-arena_16x9-cover?metadata=none&quality=85&width=273&fit=crop",
      "title": "Heroes of the Arena",
      "url": "https://www.crazygames.com/game/heroes-of-the-arena"
    },
    {
      "category": "Other",
      "collected_at": "2025-09-08T09:46:53.755197",
      "image": "https://imgs.crazygames.com/sweety-ludo_16x9/20241016161929/sweety-ludo_16x9-cover?metadata=none&quality=85&width=273&fit=crop",
      "title": "Sweety Ludo",
      "url": "https://www.crazygames.com/game/sweety-ludo"
    },
    {
      "category": "Other",
      "collected_at": "2025-09-08T09:46:54.853629",
      "image": "https://imgs.crazygames.com/simply-prop-hunt_2x3/20250826074007/simply-prop-hunt_2x3-cover?metadata=none&quality=85&width=273&fit=crop",
      "title": "Simply Prop Hunt",
      "url": "https://www.crazygames.com/game/simply-prop-hunt"
    },
    {
      "category": "Other",
      "collected_at": "2025-09-08T09:46:56.139347",
      "image": "https://imgs.crazygames.com/space-waves_2x3/20241203031650/space-waves_2x3-cover?metadata=none&quality=85&width=273&fit=crop",
      "title": "Space Waves",
      "url": "https://www.crazygames.com/game/space-waves"
    },
    {
      "category": "Other",
      "collected_at": "2025-09-08T09:46:57.341752",
      "image": "https://imgs.crazygames.com/bit-gun-io_2x3/20250818143525/bit-gun-io_2x3-cover?metadata=none&quality=85&width=273&fit=crop",
      "title": "Bit Gun.io",
      "url": "https://www.crazygames.com/game/bit-gun-io"
    },
    {
      "category": "Other",
      "collected_at": "2025-09-08T09:46:58.355691",
      "image": "https://imgs.crazygames.com/games/evowarsio/cover_2x3-1736776369475.png?metadata=none&quality=85&width=273&fit=crop",
      "title": "EvoWars.io",
      "url": "https://www.crazygames.com/game/evowarsio"
    },
    {
      "category": "Other",
      "collected_at": "2025-09-08T09:46:59.129008",
      "image": "https://imgs.crazygames.com/escape-from-prison-multiplayer_2x3/20250120074825/escape-from-prison-multiplayer_2x3-cover?metadata=none&quality=85&width=273&fit=crop",
      "title": "Escape From Prison Multiplayer",
      "url": "https://www.crazygames.com/game/escape-from-prison-multiplayer"
    },
    {
      "category": "Other",
      "collected_at": "2025-09-08T09:46:59.803922",
      "image": "https://imgs.crazygames.com/games/holey-io-battle-royale/cover_2x3-1698054343535.png?metadata=none&quality=85&width=273&fit=crop",
      "title": "Holey.io Battle Royale",
      "url": "https://www.crazygames.com/game/holey-io-battle-royale"
    },
    {
      "category": "Other",
      "collected_at": "2025-09-08T09:47:00.342306",
      "image": "https://imgs.crazygames.com/escape-from-pizzeria_2x3/20250709080344/escape-from-pizzeria_2x3-cover?metadata=none&quality=85&width=273&fit=crop",
      "title": "Escape From Pizzeria",
      "url": "https://www.crazygames.com/game/escape-from-pizzeria"
    }
  ]
}